timestamp,body,source,language_guess,possibly_sensitive,retweet_count,reply_count,like_count,quote_count,impression_count,is_retweet,retweeted_user,is_quote_tweet,quoted_user,is_quote_withheld,is_reply,replied_user,is_withheld,hashtags,urls,mentions,place_name,sentiment
2023-06-18 17:23:48,"The ‘experts’: “RFK Jr. and Joe Rogan are spreading dangerous vaccine misinfo and should be shut down.”

RFK &amp; Rogan: “Okay, let’s debate about it.”

The ‘experts’: “I don’t debate with someone pushing misinformation.”

Joe Rogan: “I’ll give you hundreds of thousands of dollars… https://t.co/w4MBGTrx0R",Twitter for iPhone,en,no,9714,3273,55516,471,6387940,no,NA,no,,no,no,,no,,,,,-0.2747211279
2023-06-25 22:05:45,Just In: In an old email just released the CDC Director was discussing the issue of “breakthrough” cases after finding out vaccinated people were still being infected. The email was sent 1 month after vaccine rollouts! In the email CDC Walensky says she discussed this with NIH… https://t.co/Ymt4yb1tdt,Twitter for iPhone,en,no,6510,963,21845,229,1817207,no,NA,no,,no,no,,no,,,,,-0.1924500897
2023-06-26 6:03:00,"Three of these four bullet points are flat false but what else do you expect from a Fox contributor. (Incidentally, Fox had an internal company vaccine mandate while, on air, preaching the exact opposite. Where else have they done that again? 🤔)",Twitter for iPhone,en,no,329,104,3102,3,283291,no,NA,yes,NBSaphierMD,no,no,,no,,,,,0.3439859514
2023-06-26 13:33:15,"@jeremykauffman The man you banned from Porcfest lost his daughter due to the Covid vaccine. Then, you mock him in front of hundreds of people by claiming that the 'vaccine works'. I admire the composure this man maintained. Your behavior, however, was shameful. Please make the video public.",Twitter Web App,en,no,73,6,786,2,29672,no,NA,no,,no,yes,jeremykauffman,no,,,jeremykauffman,,-0.2969287232
2023-06-26 14:01:10,"JUST IN - Pfizer stock falls over 5% after halting the development of an ""experimental"" obesity drug over safety concerns. https://t.co/qEoMuc8rvk",Twitter Web App,en,no,669,235,3314,121,345290,no,NA,no,,no,no,,no,,,,,-0.2710575995
2023-06-28 14:44:48,"1) Bill Gates company released billions of mosquitoes in Florida &amp; Texas.

2) Malaria now in Florida &amp; Texas for the first time in 20 years.

3) Bill Gates has a malaria vaccine almost ready.

Hydroxycholorquine is an anti-malarial drug.
No vax needed.

https://t.co/Lyflu2qRvT https://t.co/4MOoYcbWFQ",Twitter Web App,en,no,20079,2638,45842,1533,11576749,no,NA,yes,TexasLindsay_,no,no,,no,,https://twitter.com/TexasLindsay_/status/1673919025682808836?s=20,,,0
2023-06-28 18:35:44,Remember when this pregnant Doctor virtue signaled for a vaccine with no long-term studies that was never tested for safety on pregnant women? https://t.co/gSXflUUvOz,Twitter for iPhone,en,no,7414,3380,53095,431,12924024,no,NA,no,,no,no,,no,,,,,-0.06123724357
2023-07-16 3:56:20,"Bill Gates ask the Danish government to support DTP vaccination of 161 million African children…

Gates claimed it was saving 30 million lives, so the Danish government asked for the data, of which Gates had none…

So they went to Africa and looked at 30 years of DTP data. What… https://t.co/PHg2GWvKBu",Twitter for iPhone,en,no,24423,1592,49101,1433,4520382,no,NA,no,,no,no,,no,,,,,0.04423258685
2023-07-19 22:00:45,"Pfizer building destroyed by a tornado in North Carolina. 50,000 pallets of medicines destroyed.😳

🔊

 https://t.co/HP5KSLdEpq",Twitter for iPhone,en,no,6935,7113,44569,2326,13055937,no,NA,no,,no,no,,no,,,,,-0.2166666667
2023-07-19 22:16:05,🚨 BREAKING NEWS: A Pfizer Warehouse Full of Covid Vaccines Was Just DESTROYED BY A TORNADO in North Carolina ⚠️ https://t.co/BiyLw65OaV,Twitter for iPhone,en,no,16666,15298,95899,5788,12769336,no,NA,no,,no,no,,no,,,,,-0.281494459
2023-07-21 5:14:05,"Indian authorities to Pfizer… “You can either lose 1.38 billion customers or allow an *independent investigation* to determine whether your product is safe and effective”…

Pfizer… “We would rather give up 1.8 billion customers”… https://t.co/oNW4dVBFFW",Twitter for iPhone,en,no,22443,1035,53739,1493,3640111,no,NA,no,,no,no,,no,,,,,0.2548184303
2023-08-04 5:19:08,BOMBSHELL: Pfizer employees were given a *special batch*… different from what was forced into the general population 🚨🚨🚨 https://t.co/CDww6wxFif,Twitter for iPhone,en,no,26393,1945,47938,3359,12920987,no,NA,no,,no,no,,no,,,,,0.1492405014
2023-08-27 15:50:23,"BREAKING: The US just found a new Covid variant in wastewater during routine test. This comes after the government began investing in new Covid equipment and a vaccine, and weeks after they informed government agencies of coming lockdowns. How did they know they’d find new… https://t.co/rghmY9M4eB",Twitter for iPhone,en,no,14515,7054,45753,1227,4247121,no,NA,no,,no,no,,no,,,,,0.2138089935
2023-09-02 22:59:05,"The. Polio. Vaccine. Is. Still. Required. For. Children. In. Every. State. Before. Entering. School.

Stop. Saying. Stupid. Shit. That. Is. Going. To. Get. More. People. Killed. From. A. Virus. That. Has. Already. Claimed. Over. 7. Million. Lives. You. Fucking. Lunatic @Cernovich https://t.co/85IJQXBeyE",Twitter for iPhone,en,no,4980,578,20814,105,529724,no,NA,no,,no,no,,no,,,Cernovich,,0
2023-09-05 21:51:22,"Mark Zuckerberg privately told Facebook execs to be cautious about mRNA vaccines because ""we just don't know the long-term side effects of basically modifying people's DNA and RNA."" He then censored scientists, doctors, and mRNA vaccine-injured individuals. https://t.co/RZ1zmC0ZMc",Twitter Web App,en,no,19267,603,38111,536,970868,no,NA,no,,no,no,,no,,,,,-0.2481986384
2023-09-18 2:10:08,"Before anyone says another word about COVID, vaccine efficacy and booster shots, or a supposed impending pandemic going into the fall/winter, you need to explain to me in thorough scientifically substantiated detail exactly how the flu vanished for 2 years straight and was… https://t.co/22JxZ6kKNF",Twitter Web App,en,no,4850,523,11528,271,810668,no,NA,no,,no,no,,no,,,,,-0.08660254038
2023-09-18 8:40:18,First Major U.S. Health Official Urges Public to Avoid mRNA Jabs: 'They Cause VAIDS': https://t.co/LQvZmR08cp,Twitter Web App,en,no,7306,114,14582,157,508614,no,NA,no,,no,no,,no,,https://thepeoplesvoice.tv/first-major-u-s-health-official-urges-public-to-avoid-mrna-jabs-they-cause-vaids/,,,0.2
2023-09-18 12:48:07,"Bill Gates purchased shares in BioNTech (Pfizer’s partner for its mRNA Covid shots) in September 2019… just months before the pandemic was announced… Gates purchased 1,038,674 shares at pre-public offering price of $18.10 per share… Gates dumped his stocks, in November… https://t.co/qv2luyG7pE",Twitter Web App,en,no,12670,1839,26564,779,3729441,no,NA,no,,no,no,,no,,,,,-0.03686048904
2023-09-18 14:45:17,"The harder they cancel Russell Brand, the more I believe what he said about the collusive relationship between Pfizer, Covid and Congress.",Twitter for iPhone,en,no,1771,219,10361,23,140843,no,NA,no,,no,no,,no,,,,,-0.1599005373
2023-09-18 23:23:11,🇫🇷😷 FLASH | Un médecin généraliste a été interdit d'exercer pendant deux semaines pour avoir consulté deux fois le statut vaccinal d'Emmanuel #Macron en pleine campagne de vaccination contre le #Covid19 en 2021. https://t.co/T5vU1WooyZ,Twitter for iPhone,fr,no,3149,350,17063,417,2737393,no,NA,no,,no,no,,no,"Macron,Covid19",,,,0
2023-09-19 8:43:39,Secret Pfizer report shows company KNEW since February 2021 that its mRNA COVID jab was killing people. The Government would have known too. Most likely the same with #Moderna British PM #Sunak has put profit before people. He invested $500 million #UK https://t.co/QaQ0s9K5dE,Twitter for iPhone,en,no,2841,225,4390,180,397473,no,NA,no,,no,no,,no,"Moderna,Sunak,UK",https://www.naturalnews.com/2023-09-18-secret-pfizer-report-mrna-covid-jab-killer.html,,,-0.3375
2023-09-19 9:54:32,"Explosive: Pfizer knew about the deaths in advance. 
Manslaughter charges?

Could British PM face investigation into his investment to #Moderna of $500 Million through Theleme partners a company he helped create in the Caymen Islands a notorious tax haven and potentially face… https://t.co/Cd8wuXpdkE",Twitter Web App,en,no,7315,638,14687,371,625641,no,NA,no,,no,no,,no,Moderna,,,,0.1060660172
2023-09-19 23:23:31,"I love it when these people say the quiet parts out loud. He just lays it out so transparently. Pfizer and the other vaccine companies won't go into certain countries unless they can be completely protected from liability for their vaccine. If they aren't protected, then global… https://t.co/hHkW58Fl67",Twitter Web App,en,no,2350,100,3979,150,158823,no,NA,no,,no,no,,no,,,,,0.2165063509
2023-09-20 10:45:32,"Moderna, Pfizer stocks fall with weak Covid Vaccine demand.

Are people waking up to the propaganda? https://t.co/R5lqp2vpIa",Twitter for Android,en,no,882,337,4185,78,270776,no,NA,no,,no,no,,no,,,,,-0.4166666667
2023-09-20 15:36:57,"Russell Brand used to be a darling of the media celebrity industrial complex - Netflix specials, starred in major releases, and A-list comedy shows 

What changed?

Russell hosted a podcast with Tucker and started speaking out against the war machine and the vaccine.

Big no-no -…",Twitter for iPhone,en,no,2774,1471,14266,70,1152643,no,NA,no,,no,no,,no,,,,,0.323591623
2023-09-21 12:36:54,"What was in her shots, mRNA or meth? https://t.co/BWrahKamnT",Twitter for iPhone,en,no,9601,4292,51617,588,4955921,no,NA,no,,no,no,,no,,,,,0
2023-09-21 18:05:39,"They never told us how many children died in Lahaina

They never told us how many people suffered medical conditions from the toxic chemical burn in East Palestine

They never told us how many people died from the Covid vaccine

Our gov’t has been hijacked by corrupt evil",Twitter for iPhone,en,no,10634,827,32595,182,434652,no,NA,no,,no,no,,no,,,,,-0.5928571429
2023-09-22 8:59:09,CDC Admits It Faked 99% of COVID Deaths To Scare Public Into Taking the vaccine. The virus was secondary. The main purpose was to get the masses to take the #vaccine Make no mistake the #GlobalistParasites want their #DepopulationAgenda #WEF2030Agenda #USA https://t.co/89Hc1HGDiX,Twitter for iPhone,en,no,3558,182,5152,168,205177,no,NA,no,,no,no,,no,"vaccine,GlobalistParasites,DepopulationAgenda,WEF2030Agenda,USA",https://thepeoplesvoice.tv/cdc-admits-it-faked-99-of-covid-deaths-to-scare-public-into-taking-vaccine/,,,-0.2538981798
2023-09-22 9:31:32,"“The Centers for Disease Control (CDC) has confirmed a dramatic 143,233% rise in cases of turbo-cancers in America since the mRNA jab rollout in 2020”.
https://t.co/la9gOoOvqt",Twitter for iPhone,en,no,13297,661,20447,603,2203601,no,NA,no,,no,no,,no,,https://thepeoplesvoice.tv/cdc-confirms-143233-increase-in-turbo-cancers-due-to-mrna-jabs/,,,-0.2245365598
2023-09-22 13:59:20,"Dr. Rashid Buttar was one of the few doctors in the world that stood with humanity and spoke up against the #Covid #Vaccine Listen to this interview he did with CNN, right before he DIED https://t.co/60i1e0bVuE",Twitter Web App,en,no,3691,368,6881,151,427781,no,NA,no,,no,no,,no,"Covid,Vaccine",,,,0.08589556904
2023-09-23 21:05:52,For 5 million dollars would you sell out and film a commercial for Pfizer?,Twitter for iPhone,en,no,482,1415,4607,80,377514,no,NA,yes,hodgetwins,no,no,,no,,,,,0
2023-09-23 22:02:23,"⚠️ BILL GATES EVIL PLAN EXPOSED WITH SHOCKING DEATH RATE ⚠️

🚨 EXTREME FORCED CHILD VACCINATION WITH NEW TECHNOLOGY 🚨

In partnership with the World Economic Forum (WEF), the Gates-controlled GAVI will begin using biometric tracking technology to force-vaccinate African… https://t.co/UXG6EUBMJT",Twitter for iPhone,en,no,10005,1198,17613,589,2417668,no,NA,no,,no,no,,no,,,,,-0.4849454537
2023-09-24 12:14:09,"Newly released emails from the CDC reveal that the Biden regime new the mRNA Covid jabs posed a deadly risk to millions of Americans, but chose to do nothing about it. https://t.co/lANsu33PBJ",Twitter for iPhone,en,no,20312,1740,43466,627,2026043,no,NA,no,,no,no,,no,,,,,-0.2783882181
2023-09-24 15:23:07,"JUST IN: Alexandria Ocasio Cortez says part of the reason she has a Tesla and not a different electric car is because a vaccine had not come out yet when she purchased the Tesla.

Socialists just aren't the brightest people.

The comment came after AOC was called out for owning a… https://t.co/f4esb7FF25",Twitter for iPhone,en,no,3149,3434,22085,645,5986496,no,NA,no,,no,no,,no,,,,,0.1028991511
2023-09-24 17:27:21,"BIG BREAKING NEWS - Nupur Sharma is back 🔥🔥 She made her first public appearance since last year controversy, attending a promotional event for movie 'The Vaccine War'.

Nupur : ""I'll simply say one thing - Bharat Mata Ki Jai, Bharat can do it ""🔥⚡
She expressed her gratitude… https://t.co/4vwgZ3NQKa",Twitter for Android,en,no,3267,129,20787,55,513473,no,NA,no,,no,no,,no,,,,,-0.1666987149
2023-09-24 19:10:14,"Imagine getting 6 jabs, and still not feeling safe enough to stop wearing a mask, while simultaneously bragging about how great the vaccine is.

The COVID cult might be the craziest cult in history.",Twitter for iPhone,en,no,9146,1220,41893,252,648178,no,NA,no,,no,no,,no,,,,,-0.09383148633
2023-09-24 19:31:40,"🧵THREAD: This is @PeterHotez, a doctor and scientist from Texas who, in the past three years, has particularly been noted for his radical statements against vaccine and measure critics. He labeled them as terrorists and Putin supporters and called for military action against… https://t.co/jGJ4lHbWjl",Twitter Web App,en,no,2631,618,9930,166,895641,no,NA,no,,no,no,,no,,,PeterHotez,,-0.09284766909
2023-09-24 19:54:19,"🚨Mayo Clinic quietly updates website to say Hydroxychloroquine can be used to treat Covid patients

Doctors were fired and censored for saying this

Media smeared it

All because Big Pharma couldn’t have any therapeutic drugs available in order to make billions from vaccine EUA https://t.co/e6pG5Qo8qh",Twitter for iPhone,en,no,19970,753,35681,669,2368519,no,NA,yes,RealPNavarro,no,no,,no,,,,,0.1040062868
2023-09-24 21:28:46,"In 2019, @RobertKennedyJr made an epic scientific review presentation on the science of the Gardasil vaccine and how it was complete and utter fraud committed by Merck, with many willful attempts to cover up the harm caused by the vaccine with manipulating the control group and… https://t.co/fIckFbmF3t",Twitter Web App,en,no,2728,68,5529,74,270845,no,NA,no,,no,no,,no,,,RobertKennedyJr,,-0.1202081528
2023-09-24 22:43:41,"""The Pfizer vaccine is contaminated with plasmid DNA, it's not just mRNA, it’s got bits of DNA in it."" - Professor Phillip Buckhaults, Phd in Biochemistry and Molecular Biology. He does cancer genomics research at the University of South Carolina. https://t.co/7gElKcus0t",Twitter Web App,en,no,8754,350,17350,345,2048990,no,NA,no,,no,no,,no,,,,,-0.1118033989
2023-09-25 2:37:59,"BREAKING REPORT: CDC Refuses to Release Updated Information on Post-COV*D Vaccination Heart Inflammation..

""The CDC has acknowledged that heart inflammation is a complication of mRNA COV*D-19 shots and, yet, the only published data released by CDC officials about that… https://t.co/qFjTvwAbLc",Twitter Web App,en,no,5520,286,10175,176,607365,no,NA,no,,no,no,,no,,,,,-0.3872983346
2023-09-25 5:25:15,"""The Vaccine is 100% Safe and Effective""

🔊 ... 🤣 https://t.co/O1RbSvt2EY",Twitter Web App,en,no,15873,1364,36424,1452,7863507,no,NA,no,,no,no,,no,,,,,0.6327848502
2023-09-25 18:06:29,"Bill Gates purchased shares in BioNTech (Pfizer’s partner for its mRNA Covid shots) in September 2019… just months before the pandemic was announced… 

Gates purchased 1,038,674 shares at pre-public offering price of $18.10 per share…

Gates dumped his stocks, in November 2021… https://t.co/nRPtt1CofT",Twitter Web App,en,no,4925,874,10237,305,1468534,no,NA,no,,no,no,,no,,,,,-0.03726779962
2023-09-25 22:04:59,"""If you look at who owns CNBC, who owns FOX, and who owns CNN, At the top of the shareholder list, you have Vanguard and BlackRock""

""Then you look at the manufacturers : Pfizer, Johnson &amp; Johnson, and Moderna. Who are the top shareholders of those companies?"" https://t.co/z6DID7BCCr",Twitter Web App,en,no,6745,278,12304,189,534877,no,NA,no,,no,no,,no,,,,,0.1622214211
2023-09-26 1:00:01,"Listen to this mother try to kindly talk to Peter the weasel Hotez about her concerns with the COVID vaccine and her children, and Hotez immediately calls her a useful idiot for the anti-vaccine movement and tells her that she is putting other kids in harms way. 

He then starts… https://t.co/Tz9YzmhU8A",Twitter Web App,en,no,5234,1384,15255,519,1174197,no,NA,no,,no,no,,no,,,,,-0.2453738644
2023-09-26 1:18:43,"Instead of discussing facts, Peter Hotez resorts to name-calling this mother who is concerned about vaccine ınjuries.

Why is he lying about vaccine ınjury statistics?

https://t.co/rc4yAcDAzJ",Twitter for Android,en,no,2369,500,7348,104,135533,no,NA,no,,no,no,,no,,,,,-0.04714045208
2023-09-26 2:33:24,"No, @HollsteinM. Jesus would have flipped over the tables in the vaccination centers. https://t.co/M9O69OKJNJ",Twitter for iPhone,en,no,2819,1354,19701,169,401600,no,NA,no,,no,no,,no,,,HollsteinM,,0
2023-09-26 11:02:25,"Is the right overreacting about Travis Kelce’s Pfizer commercial — seen below?

What ever happened to “free speech,” and “we don’t cancel people?”

Do you care if Kelce is doing commercials for Bud Light and Pfizer? 

First, many on the right tried to cancel Bud Light, and now… https://t.co/LAaQDEh2s9",Twitter for iPhone,en,no,558,1907,3919,125,924997,no,NA,no,,no,no,,no,,,,,0.2309401077
2023-09-26 14:30:08,"@elonmusk I was vaccinated by force by the government of the country I lived in.

You couldn’t participate in daily life without the vaccine.

Since then, my health has took a massive turn for the worse and I am stricken with severe kidney issues, weekly migraines and a constantly…",Twitter for iPhone,en,no,2384,1335,16187,118,1403824,no,NA,no,,no,yes,elonmusk,no,,,elonmusk,,-0.2840187787
2023-09-26 14:30:25,@elonmusk I think efficacy changes are a result of new strains and the vaccine immunity wearing off. It’s stupid anyone ever claimed it was 100% effective. No vaccine is 100% full-proof.,Twitter for iPhone,en,no,310,2754,8800,108,1915707,no,NA,no,,no,yes,elonmusk,no,,,elonmusk,,0.4365641251
2023-09-26 18:55:52,"Peter Hotez doesn't care about your informed consent either. He thinks that all the adverse events and post marketing data in vaccine inserts is just ""phony baloney"" that is made to scare parents into not getting vaccines. What he conveniently leaves out is that the only reason… https://t.co/tnrUEO7ivB",Twitter Web App,en,no,967,357,2527,100,291703,no,NA,no,,no,no,,no,,,,,-0.6
2023-09-27 5:15:01,USDA Caught Pumping mRNA Vaccines Into All Organic Produce Across America: https://t.co/sw1W5b3ozU,illuminatibot,en,no,7820,680,10723,432,1328163,no,NA,no,,no,no,,no,,https://thepeoplesvoice.tv/usda-caught-pumping-mrna-vaccines-into-all-organic-produce-across-america/,,,0.09428090416
2023-09-27 12:41:20,"Is half the country really this stupid? 

Even after all of the studies that show people dropping dead from cardiac arrest and all of the blood clots in the bodies of people who @DiedSuddenly_ after taking the jab? 

I am proud to be a Pure Blood. I don’t recommend anyone take…",Twitter for iPhone,en,no,2378,3039,8549,266,623043,no,NA,yes,ABC,no,no,,no,,,DiedSuddenly_,,-0.6803360514
2023-09-27 15:14:30,"Years ago, Travis Kelce took a knee for the National Anthem during an NFL game. 

Months ago, he was promoting Bud Light in ads. 

Now, he’s promoting Pfizer in ads. 

Thoughts? https://t.co/mr1osfROr0",Twitter for iPhone,en,no,1106,6525,3253,475,258377,no,NA,no,,no,no,,no,,,,,0
2023-09-27 18:01:46,"The horrific Afghanistan withdrawal. Our dwindling recruitment numbers. The firing of thousands of troops for refusing the COVID vaccine.

Secretary of Defense Lloyd Austin has failed our military and failed America.

I’m proud my amendment to FIRE him using the Holman rule… https://t.co/DKv1hnN4Jg",Twitter for iPhone,en,no,3901,1707,14769,127,421191,no,NA,no,,no,no,,no,,,,,-0.5
2023-09-28 12:56:19,"They don’t respect Army. 
They don’t respect Police. 
They don’t respect the constitution. 
They don’t respect the Prime Minister.
They don’t respect the Country. 
They didn’t trust Indian vaccine. 
They lobbied for Pfizer vaccine. 

They are Urban Naxals 
Don’t let your children…",Twitter for iPhone,en,no,1649,43,5478,11,106031,no,NA,no,,no,no,,no,,,,,0.2236067977
2023-09-28 15:02:53,"mRNA Detected in Breast Milk After COVID-19 Vaccination Can Be Passed on to Infants. 

Remember when they told you, the experimental substance stays in the arm?

That was another lie. https://t.co/fRCtaFoQMJ",Twitter for iPhone,en,no,1822,148,3593,64,158108,no,NA,no,,no,no,,no,,https://www.theepochtimes.com/health/scientists-detect-mrna-in-breast-milk-of-70-percent-of-women-following-covid-19-vaccination-5497661?utm_source=partner&utm_campaign=DrLoupis&src_src=partner&src_cmp=DrLoupis,,,0
2023-09-29 5:45:02,CDC Admits It Faked 99% of COVID Deaths To Scare Public Into Taking Vaccine: https://t.co/q50WUSvX7z,illuminatibot,en,no,14033,534,24590,514,1259419,no,NA,no,,no,no,,no,,https://thepeoplesvoice.tv/cdc-admits-it-faked-99-of-covid-deaths-to-scare-public-into-taking-vaccine/,,,-0.2179449472
2023-09-29 6:45:01,"WEF: We can edit your genes with mRNA tech
Bill Gates: We can edit your genes with mRNA tech
Pfizer CEO: We can edit your genes with mRNA tech
Me: Oh my God mRNA can edit your genes!
Media: You are a terrorist conspiracy theorist.",illuminatibot,en,no,6189,134,17372,85,393792,no,NA,no,,no,no,,no,,,,,0
2023-09-29 9:33:01,BREAKING: Top Japanese Virologist Warns of Manufactured Omicron Strain. There is a depopulation Agenda. They want to reduce the global population. #WEF2030Agenda #YuvalHarari #WEF #mRNA https://t.co/lwFEAjRp2p,Twitter for iPhone,en,no,3266,141,5939,142,196860,no,NA,no,,no,no,,no,"WEF2030Agenda,YuvalHarari,WEF,mRNA",https://thehighwire.com/editorial/breaking-top-japanese-virologist-warns-of-manufactured-omicron-strain/,,,-0.15
2023-09-29 16:46:07,"I've been vaccinated against everything you can possibly imagine (except against Covid) and used to be a proponent of vaccinations. Thanks to the plandemic, I've had the opportunity to delve deeply into this topic and now consider myself a convinced vaccine skeptic.…",Twitter for iPhone,en,no,4760,1271,25520,213,1908328,no,NA,no,,no,no,,no,,,,,0
2023-09-29 23:06:48,"When I first saw this, I thought it was a skit, but this actually happened. It's the greatest example of irony I've ever seen in my entire life. 

After bragging about getting 3x COVID vaccines, flu shot, and the singles vaccine, she says she still has her period and that… https://t.co/Cex7HiGtCC",Twitter Web App,en,no,2902,529,7252,295,520092,no,NA,no,,no,no,,no,,,,,0
2023-09-29 23:46:22,"1 year before the 1986 vaccine act was passed because pharmaceutical companies were being inundated with lawsuits for injuries that would soon bankrupt them, there was a panel of doctors and vaccine injured people on the Phil Donahue show arguing about vaccines and answering… https://t.co/xj3yFUNYoN",Twitter Web App,en,no,7606,274,12005,323,646441,no,NA,no,,no,no,,no,,,,,-0.4230084753
2023-09-30 0:29:03,"In 2016 Donald Trump asked Robert Kennedy Jr to serve on a Vaccine Safety Commission…

RFK Jr asked Anthony Fauci which of the 72 vaccines had been subject to a safety test..?

Anthony Fauci refused to show evidence, so RFK sued him…

After a year of stonewalling, Fauci finally… https://t.co/hvcbeoPTtZ",Twitter for iPhone,en,no,1101,46,2701,26,134553,no,NA,no,,no,no,,no,,,,,0.2738612788
2023-09-30 0:43:42,"Remember when @jimmy_dore first told everyone that he got vaccine injured and all the boosted complicity theorists immediately started ridiculing him and calling him an alt right grifter anti-vaxxer?

This is a continual pattern that nearly every vaccine injured person has… https://t.co/e5AwHonkRF",Twitter Web App,en,no,1913,166,5500,62,229424,no,NA,no,,no,no,,no,,,jimmy_dore,,-0.1257237114
2023-09-30 13:55:56,"Breaking: Scientists Develop ‘Airborne mRNA’ To Vaccinate Populations Without The Need For Consent

Is this why we have been seeing increased Chemtrails.

They really are serious about finishing us all off aren't they.

World Economic Forum #GlobalistParasites #DepopulationAgenda… https://t.co/pWgVEqyug3",Twitter Web App,en,no,4703,626,7362,277,483720,no,NA,no,,no,no,,no,"GlobalistParasites,DepopulationAgenda",,,,0.1705605731
2023-09-30 14:30:01,Bill Gates Says People Who Resist mRNA Will Be Excluded From Society: https://t.co/TopkfXo4bn,illuminatibot,en,no,9969,8832,16877,1334,1774254,no,NA,no,,no,no,,no,,https://thepeoplesvoice.tv/bill-gates-people-who-resist-mrna-tsunami-will-be-excluded-from-society/,,,-0.2667891875
2023-10-01 13:27:26,"Difference! Jawan: not a story about Indian soldiers, name Jawan used only to make money in their names.
The Vaccine War: True story of Indian scientists, but movie labelled as Propaganda by leftists and SRK fans. Why do Leftists hate India so…",Twitter for iPhone,en,no,2611,175,10401,20,344812,no,NA,no,,no,no,,no,,,,,0
2023-10-01 19:43:16,"If I had to pick one video right now to try and wake someone up to stop them from getting the 2 for 1 combo with the mRNA + Flu shot, it'd be this one.

COVID is not the first time they've conspired against the America people to illegally coerce them into getting a vaccine by… https://t.co/GDmoqO9vgd",Twitter Web App,en,no,3345,151,5086,168,263154,no,NA,no,,no,no,,no,,,,,-0.1325825215
2023-10-02 0:05:01,"@elonmusk Imagine a world that hides the source of a disease

Then creates a 'vaccine', and hides it's side effects",Twitter Web App,en,no,572,253,5231,17,336343,no,NA,no,,no,yes,elonmusk,no,,,elonmusk,,-0.2236067977
2023-10-02 10:02:36,JUST IN - Scientists whose work enabled mRNA injections against COVID win Nobel prize for medicine.,Twitter Web App,en,no,777,1038,3112,511,1596666,no,NA,no,,no,no,,no,,,,,0.7487767803
2023-10-02 14:09:09,"Folks, in line with @CDCgov guidance, I've now received the updated COVID-19 vaccine, flu shot, and RSV vaccine – bringing me up to date with my vaccinations.

Join me and protect yourself and your community.

Go to https://t.co/jlrmakxHWm to find where you can get yours.",The White House,en,no,2733,7273,15432,314,1275510,no,NA,no,,no,no,,no,,http://Vaccines.gov,CDCgov,,-0.009805806757
2023-10-02 19:46:08,"Today, two trailblazing researchers received the Nobel Prize in Medicine for work that enabled the development of mRNA vaccines against COVID-19.

Dr. Katalin Karikó and Dr. Drew Weissman, congratulations.

You have the admiration of an indebted nation.",The White House,en,no,3979,3696,28016,256,1720549,no,NA,no,,no,no,,no,,,,,0.7092081433
2023-10-02 19:55:03,"Did you know there was a house hearing on Flu vaccines on November 22nd of 2019, just a month before COVID was first heard of, where Fauci and his colleagues discussed the new technology of mRNA and how they're using nanoparticle delivery systems?

I think we all know that they… https://t.co/o2tyAh9ySD",Twitter Web App,en,no,1539,90,2539,52,119658,no,NA,no,,no,no,,no,,,,,0.1157275125
2023-10-03 5:16:09,"BOMBSHELL: A report from the U.S. Centers for Disease Control and Prevention (CDC) has revealed that a staggering 120,000 American children “DIED SUDDENLY” following the rollout of the mRNA Covid jabs….🚨🚨🚨 https://t.co/C019eB01Mi",Twitter for iPhone,en,no,5218,201,6136,281,320014,no,NA,no,,no,no,,no,,,,,0
2023-10-03 18:37:48,"Aaron Rodgers just called Taylor Swift’s new boyfriend Travis Kelce ""Mr. Pfizer""

Travis Kelce is a paid Pfizer spokesman for the new COVID booster shots
 https://t.co/fod4MZLSZ1",Twitter for iPhone,en,no,1563,449,12048,217,1183124,no,NA,no,,no,no,,no,,,,,0.4220724598
2023-10-03 18:43:50,"JUST IN: Aaron Rodgers calls Chiefs Tight End and Taylor Swift’s boyfriend Travis Kelce “Mr. Pfizer” after the NFL star performed in a vaccine commercial.

ESPN is starting to get entertaining 😂

“You know, Mr. Pfizer, we kinda shut him down a little bit. He didn't have, you… https://t.co/OazIwIzgPh",Twitter for iPhone,en,no,4936,1349,41713,706,4749727,no,NA,no,,no,no,,no,,,,,0.2647567824
2023-10-03 19:53:17,"A report from the U.S. Centers for Disease Control and Prevention (CDC) has revealed that a staggering 120,000 American children “DIED SUDDENLY” following the rollout of the mRNA Covid jabs. https://t.co/Izsg6tWoEH",Twitter Web App,en,no,8516,266,11137,320,438408,no,NA,no,,no,no,,no,,,,,0
2023-10-04 7:33:56,"Bill Gates purchased shares in BioNTech (Pfizer’s partner for its mRNA Covid shots) in September 2019… just months before the pandemic was announced… 

Gates purchased 1,038,674 shares at pre-public offering price of $18.10 per share…

Gates dumped his stocks, in November 2021… https://t.co/QrWxRCPIZS",Twitter for iPhone,en,no,4678,676,8071,375,971155,no,NA,no,,no,no,,no,,,,,-0.03768891807
2023-10-04 7:53:01,"In 2016 Donald Trump asked Robert Kennedy Jr to serve on a Vaccine Safety Commission…

RFK Jr asked Anthony Fauci which of the 72 vaccines had been subject to a safety test…

Anthony Fauci refused to show evidence, so RFK sued him…

After a year of stonewalling, Fauci finally… https://t.co/Yq4Xr9kcB2",Twitter for iPhone,en,no,8117,220,17842,270,1413271,no,NA,no,,no,no,,no,,,,,0.04807619738
2023-10-04 8:59:49,"Canadian Gov’t Admit 74% of Triple Vaccinated Now Have VAIDS.

In startling new information coming to light many people who got the #mRNA vaccine in Canada are now finding out that their immune systems have been severely damaged.

I guess what World Economic Forum disciple… https://t.co/Tg088odONW",Twitter Web App,en,no,2544,357,4307,159,285333,no,NA,no,,no,no,,no,mRNA,,,,0.1897366596
2023-10-04 10:45:31,ND Senator Who Called For Long Term mRNA Damage Study Killed in ‘Freak’ Plane Crash. https://t.co/0u7x2IWLQQ,Twitter for iPhone,en,no,11706,722,23205,490,1731432,no,NA,no,,no,no,,no,,https://thepeoplesvoice.tv/nd-senator-who-called-for-long-term-mrna-damage-study-killed-in-freak-plane-crash/,,,-0.6584071689
2023-10-04 21:57:38,"This is why no one in the medical industry will debate Robert Kennedy Jr on vaccines…

Bill Gates asked the Danish government to support DTP vaccination of 161 million African children…

Gates claimed it was saving 30 million lives, so the Danish government asked for the data,… https://t.co/hsI5U3VQs9",Twitter for iPhone,en,no,7592,280,17846,243,1264480,no,NA,no,,no,no,,no,,,,,0.04200840252
2023-10-05 0:39:05,"What if the movie Rainman was a predictive programming psychological operation to introduce the word autism into public consciousness and normalize it into widespread acceptance? The movie came out in 1988, and the National Childhood Vaccine Injury Act was signed in 1986. Do… https://t.co/lYr0OBMisu",Twitter Web App,en,no,1492,216,3767,85,207799,no,NA,no,,no,no,,no,,,,,0.19
2023-10-05 1:25:37,"This is what guillain barre syndrome looks like in it's early stages. I don't think it's ""hysteria"". How much do you want to bet that there was a recent flu vaccine program that all took part in? 2 for 1 special perhaps with the COVID vaccine? All flu vaccines in 3rd world…",Twitter Web App,en,no,2622,289,5402,127,465549,no,NA,yes,stillgray,no,no,,no,,,,,0
2023-10-05 5:44:06,New Zealand’s Ministry of Health granted vaccine exemptions to key staff while hypocritically rolling out the world’s most draconian vaccine mandates and insisting the public be vaccinated. https://t.co/5o2Qko80rF https://t.co/mWESWCcmeC,Twitter for iPhone,en,no,16143,1239,33714,691,1506845,no,NA,no,,no,no,,no,,https://thepeoplesvoice.tv/new-zealand-govt-exempted-elite-from-deadly-covid-jabs-while-forcing-vax-on-public/,,,-0.1949801051
2023-10-06 10:51:02,"NEW - Some 70% Democrats vs 28% Republicans indicate they will get ""the latest"" mRNA injection against COVID — Ipsos poll for Axios",Twitter Web App,en,no,543,776,2487,240,415765,no,NA,no,,no,no,,no,,,,,0.1835325871
2023-10-06 18:46:56,"JUST IN: Chiefs tight end Travis Kelce responds after Aaron Rodgers called him ""Mr. Pfizer,"" says he stands by the vaccine and says it keeps his family safe.

The comment from Kelce came after Rodgers made fun of him for starring in a Pfizer commercial.

“I mean, I've always… https://t.co/HuYRue8CcF",Twitter for iPhone,en,no,2765,8517,19622,1285,7493358,no,NA,no,,no,no,,no,,,,,0.1417366774
2023-10-07 1:11:57,Moderna Executive says exploding numbers of vaccine injuries is “Not Our Problem”… They then go on to say… “Moderna has zero interest in using their profits to compensate the millions of victims”… https://t.co/MBN3ZNjWiX,Twitter for iPhone,en,no,9587,711,14142,618,816469,no,NA,no,,no,no,,no,,,,,0.180838886
2023-10-07 22:47:03,"Bill Gates asked the Danish government to support DTP vaccination of 161 million African children…

Gates claimed it was saving 30 million lives, so the Danish government asked for the data, of which Gates had none…

So they went to Africa and looked at 30 years of DTP data.… https://t.co/b0sLCZ558D",Twitter for iPhone,en,no,9516,401,19841,389,1582430,no,NA,no,,no,no,,no,,,,,0.04160251472
2023-10-08 5:36:58,"This is Trudeau’s Canada. Last year, hundreds of peaceful anti-lockdown protesters were arrested when they parked their trucks in Ottawa and other cities. Their crime was opposing vaccine mandates and lockdowns. They were deemed dangerous. 

Tonight, Hamas supporters ride around…",Twitter for iPhone,en,no,11254,2701,30756,442,7587340,no,NA,yes,realmonsanto,no,no,,no,,,,,0
2023-10-08 17:43:01,"Whistleblower, Jane Burgermeister WARNED humanity in 2009 about a COMPULSORY #Vaccination program that was going to be implemented by the World Health Organization and the #Globalist parasites - She urges you to ask questions and FIGHT BACK!!!!!

“It’s now time for each citizen… https://t.co/mllmwR6HYN",Twitter Web App,en,no,6501,92,12224,104,563156,no,NA,no,,no,no,,no,"Vaccination,Globalist",,,,-0.1267731382
2023-10-09 1:32:49,"Australia one of countries with highest mRNA Covid-19 vaccination rates:

Thousands lining up for compensation, claiming the COVID vaccine made them sick, millions already paid in compensation for a few. https://t.co/jijiD5yy8u",Twitter Web App,en,no,1840,91,3817,61,202881,no,NA,no,,no,no,,no,,,,,-0.1369306394
2023-10-09 22:05:17,The shots were owned and made by the military.  Pfizer and Moderna were paid to make it appear like it came from the pharmaceutical industry. https://t.co/dOtf2u7OsA,Twitter Web App,en,no,7566,349,14686,299,803642,no,NA,no,,no,no,,no,,,,,0
2023-10-10 2:27:56,The World needs a vaccine for this virus immediately https://t.co/n9FhPbHfeq,Twitter for iPhone,en,no,3589,266,11046,94,277497,no,NA,no,,no,no,,no,,,,,-0.133630621
2023-10-10 4:05:09,"Happened literally over night and will persist going forward into the elections. 

Once relatively unified over draconian COVID insanity and the vaccine war crimes, now divided over which people in Israel we should defend unquestioningly. 

The only people we should be blindly…",Twitter Web App,en,no,756,98,2569,49,412483,no,NA,yes,BretWeinstein,no,no,,no,,,,,0.1732050808
2023-10-10 12:33:53,"First Major World Politician Apologizes To the Unvaccinated: 'You Were Right, We Were Wrong' A stunning admission. As #ExcessDeaths #VaccineInjuries #mRNA increase with all cause mortality we must hold people to account. #USA #Canada #UK #Australia #NZ #EU https://t.co/XA6bljFfIy",Twitter for iPhone,en,no,6227,594,14298,410,968059,no,NA,no,,no,no,,no,"ExcessDeaths,VaccineInjuries,mRNA,USA,Canada,UK,Australia,NZ,EU",https://thepeoplesvoice.tv/first-major-world-politician-apologizes-to-the-unvaccinated-you-were-right-we-were-wrong/,,,0.6669729688
2023-10-10 17:54:37,I've seen better acting at a middle school play. Every intuitive sense I have from years of being propagandized is screaming that this disingenuous media manipulation. Where are the tears for all the deaths from the vaccine you bastards shoved in our face for 2 years? Where… https://t.co/x4LRl9F1d1,Twitter Web App,en,no,936,218,3118,86,150785,no,NA,no,,no,no,,no,,,,,0.2666666667
2023-10-10 18:22:39,"BREAKING: 24 year old Navy Vet discharged due to myocarditis from the Covid vaccine has just changed the nation

6 US Senators sent letter to Dept. of Veteran Affairs investigating why they’re denying disability claims for C19 vax injuries

All of this started b/c a follower came… https://t.co/6kFxQKX0o3",Twitter for iPhone,en,no,17133,1280,48110,489,5483114,no,NA,yes,DC_Draino,no,no,,no,,,,,-0.2842838506
2023-10-11 9:41:03,Smoking Gun Emails Prove Biden White House Knew COVID Vaccines Would Kill Millions. Prosecutors must go after all those who lied and pushed the vaccines in millions of #VaccineInjuries leading to #ExcessDeaths with #mRNA linked #TurboCancers #USA #UK https://t.co/6tdD7urDPt,Twitter for iPhone,en,no,2595,149,5303,107,195211,no,NA,no,,no,no,,no,"VaccineInjuries,ExcessDeaths,mRNA,TurboCancers,USA,UK",https://thepeoplesvoice.tv/smoking-gun-emails-prove-biden-white-house-knew-covid-vaccines-would-kill-millions/,,,-0.06933752453
2023-10-12 1:32:32,"“I will not give one penny to any school that has a vaccine mandate or a mask mandate. And I will keep men out of women’s sports.” — President Trump speaking in Palm Beach, FL tonight. #Trump2024",Twitter for iPhone,en,no,530,146,2828,11,46875,no,NA,no,,no,no,,no,Trump2024,,,"West Palm Beach, FL",0
2023-10-12 2:09:04,Pfizer has killed exponentially more people in the last 3 years than Hamas has since its inception. Where's the outrage?,Twitter Web App,en,no,7729,699,31542,230,931539,no,NA,no,,no,no,,no,,,,,-0.225
2023-10-12 5:34:32,"The most innovative companies in 2023 (change in rank):

1. 🇺🇸 Apple: -
2. 🇺🇸 Tesla: +3
3. 🇺🇸 Amazon: -
4. 🇺🇸 Alphabet: -
5. 🇺🇸 Microsoft: -3
6. 🇺🇸 Moderna: +1
7. 🇰🇷 Samsung: -1
8. 🇨🇳 Huawei: -
9. 🇨🇳 BYD Company: Returned
10. 🇩🇪 Siemens: +10
11. 🇺🇸 Pfizer: +7
12. 🇺🇸 Johnson &amp;…",Twitter for iPhone,de,no,452,483,5046,50,2198121,no,NA,no,,no,no,,no,,,,,0.3181980515
2023-10-12 13:38:13,"I received this horrifying message from a follower today

A healthy father played 18 holes of golf without any complaints, got the Pfizer vax at 3:30 PM, and was dead by 6 PM

People need to be thrown in jail for this

Enough is enough https://t.co/b3A5TAfaAL",Twitter for iPhone,en,no,9967,2292,23810,381,1777742,no,NA,no,,no,no,,no,,,,,-0.3897114317
2023-10-13 7:33:37,"The 8-year-old “poster boy” of Israel’s national Covid vaccine roll out has died suddenly after suffering cardiac arrest while taking a bath.

Israel is by far the country in the world that force vaccinated their citizens the most with the dangerous experimental injection. Why? https://t.co/izzXetui6q",Twitter for iPhone,en,no,3209,490,6514,164,446886,no,NA,no,,no,no,,no,,,,,-0.2755675961
2023-10-13 20:58:07,"This is your regular reminder that no vaccine has been adequately safety tested with a double blind placebo controlled safety trial with a real saline control, and nor has the safety of aluminum being injected into infants.

""It should be a matter of concern that a recent freedom… https://t.co/q31kYfPHde",Twitter Web App,en,no,3613,75,6281,107,703360,no,NA,yes,CartlandDavid,no,no,,no,,,,,-0.143027119
2023-10-14 2:26:35,"Now repeal the 1986 National Childhood Vaccine Injury Act and finish Pfizer off by completely suing them into oblivion for their crimes against humanity. 

I want every dime taken and given back to the people they've harmed or killed. Executives responsible need to be financially…",Twitter Web App,en,no,1360,100,3984,43,221010,no,NA,yes,zerohedge,no,no,,no,,,,,-0.2293658555
2023-10-14 14:41:34,"Why Don't You Go F*** Yourself!' – Triggered Massachusetts Politician Yells, Storms Out of Meeting, and Calls for Police After COVID Vaccine Skeptic Accuses Her of a Conflict of Interest (VIDEO) https://t.co/ThCOk0RA0Z #gatewaypundit via @gatewaypundit",Twitter for iPhone,en,no,2268,626,8092,104,433025,no,NA,no,,no,no,,no,gatewaypundit,https://www.thegatewaypundit.com/2023/10/why-dont-you-go-f-yourself-triggered-massachusetts/,gatewaypundit,,0
2023-10-14 17:30:02,"What's worse, Pfizer or Monsanto?",illuminatibot,en,no,286,1120,2156,69,233727,no,NA,no,,no,no,,no,,,,,-0.3354101966
2023-10-14 22:26:00,"Pfizer slashes revenue estimates as Covid vaccine sales slump

https://t.co/DUGfbh14Wc

https://t.co/DUGfbh14Wc",Twitter for iPhone,en,no,220,131,1134,13,87285,no,NA,no,,no,no,,no,,"https://thepostmillennial.com/pfizer-slashes-revenue-estimates-as-covid-vaccine-sales-slump?utm_campaign=64483,https://thepostmillennial.com/pfizer-slashes-revenue-estimates-as-covid-vaccine-sales-slump?utm_campaign=64483",,,-0.2064741605
2023-10-15 4:15:01,First Major U.S. Health Official Urges Public to Avoid mRNA Jabs: 'They Cause VAIDS': https://t.co/LQvZmQZAmR,illuminatibot,en,no,1054,59,2080,26,127181,no,NA,no,,no,no,,no,,https://thepeoplesvoice.tv/first-major-u-s-health-official-urges-public-to-avoid-mrna-jabs-they-cause-vaids/,,,0.2
2023-10-15 4:55:02,"Trudeau regime puts Canadian detective on trial for investigating link between infant deaths and mRNA vaccines.

(Article below in first reply) https://t.co/AHZcdPsQxI",Twitter Web App,en,no,5821,650,15077,227,1726823,no,NA,no,,no,no,,no,,,,,0.15
2023-10-15 8:37:56,Jacinda Ardern’s Labour Party Thrown Out of Office in New Zealand Election. Will the new government bring prosecutions to bear against former Prime Minister #JacindaArdern for her pushing of the #mRNA vax and her locking down and persecution of #NewZealand https://t.co/kXnmO98dgL,Twitter for iPhone,en,no,1886,581,6382,152,185366,no,NA,no,,no,no,,no,"JacindaArdern,mRNA,NewZealand",https://dailysceptic.org/2023/10/14/jacinda-ardens-labour-party-thrown-out-of-office-in-new-zealand-election/,,,0.2218800785
2023-10-15 13:01:24,@AmyMek Claiming these are “pro-Hamas” protesters when they are clearly waving the Palestinian flag and NOT the Hamas flag is like saying the Anti Vaccine Mandate protestors were evil fascist science denying grandma killers,Twitter for iPhone,en,no,173,346,1701,18,71602,no,NA,no,,no,yes,AmyMek,no,,,AmyMek,,-0.5239956379
2023-10-15 13:15:02,FDA Wants To Replace Salt With Bill Gates New mRNA Fake Salt: https://t.co/SmGTAtaKfN,illuminatibot,en,no,2762,1160,4983,268,595470,no,NA,no,,no,no,,no,,https://thepeoplesvoice.tv/fda-wants-to-replace-salt-with-bill-gates-new-mrna-fake-salt/,,,0.0125
2023-10-15 15:13:01,"Fewer than 2% have gotten the new updated Covid 2023 mRNA shot this year. I would say that is progress.

Do you think the message is getting through? 

The legacy news media message hasn't changed, probably because their biggest advertisers are the pharma industry. But most…",Twitter Web App,en,no,188,109,1537,7,531898,no,NA,yes,LibertyCappy,no,no,,no,,,,,0.1154700538
2023-10-15 15:15:01,Top Health Official Urges Public To Avoid deadly mRNA Boosters Due to VAIDS Outbreak: https://t.co/b3sEF43Mbb,illuminatibot,en,no,471,56,1150,25,146602,no,NA,no,,no,no,,no,,https://thepeoplesvoice.tv/top-health-official-urges-public-to-avoid-deadly-mrna-boosters-due-to-vaids-outbreak/,,,-0.2347871376
2023-10-15 21:46:45,"This is Benjamin Netanyahu talking to the World Economic Forum in January of 2021 about COVID and how he worked very hard in trying to get the vaccine first by substantially overpaying for it, along with staying up late on the phone with the Pfizer CEO Albert Bourla and their… https://t.co/RaFJiWS66I",Twitter Web App,en,no,1696,192,3195,128,537211,no,NA,no,,no,no,,no,,,,,-0.01360827635
2023-10-15 21:57:30,"You wore a mask because you were afraid of air, support whatever war is currently being pushed, happily pay more for groceries and gas, let men on private jets lecture you about global warming, get a yearly vaccine for a virus with a 99.9% survival rate, put whatever flag is… https://t.co/1KUMFGOFVl",Twitter for iPhone,en,no,5266,1968,20132,263,1687305,no,NA,no,,no,no,,no,,,,,0.06455946506
2023-10-16 3:55:21,"Pink also made propaganda for Pfizer. 

Tells you everything you need to know.",Twitter for iPhone,en,no,421,251,2173,9,168280,no,NA,no,,no,no,,no,,,,,-0.3061862178
2023-10-16 8:15:02,"Bill Gates mRNA ""Air Vaccine"" Approved for Use Against Non-Consenting Humans: https://t.co/5UXkMtbTIc",illuminatibot,en,no,1619,474,2485,167,386361,no,NA,no,,no,no,,no,,https://thepeoplesvoice.tv/bill-gates-mrna-air-vaccine-approved-for-use-against-non-consenting-humans/,,,0.25
2023-10-16 8:59:32,FDA Wants To Replace Salt With Bill Gates’ New mRNA Fake Salt If it’s connected to #BillGates then utterly reject it. You can be certain it’s not for your good. #mRNA #USA #UK #Canada #Australia #NewZealand #ExcessDeaths https://t.co/NTe47Xrnvt,Twitter for iPhone,en,no,595,92,1072,43,42502,no,NA,no,,no,no,,no,"BillGates,mRNA,USA,UK,Canada,Australia,NewZealand,ExcessDeaths",https://thepeoplesvoice.tv/fda-wants-to-replace-salt-with-bill-gates-new-mrna-fake-salt/,,,-0.234520788
2023-10-16 21:07:41,@EddyPowerlife You’re going to have to talk to Mr. Pfizer about that one.,Twitter for iPhone,en,no,46,91,3502,8,1014799,no,NA,no,,no,yes,EddyPowerlife,no,,,EddyPowerlife,,0.1069044968
2023-10-16 23:35:50,"BREAKING REPORT: Texas Senate Approves Bill BANNING Businesses From MANDATING COV-D-19 Vaccination..

The Texas Senate has passed Senate Bill 7, prohibiting employers from mandating COVID-19 vaccinations for their workers. 

In a 19-12 vote on October 12, during a special… https://t.co/DG7Eb1ULCd",Twitter Web App,en,no,661,101,2193,48,96211,no,NA,no,,no,no,,no,,,,,0.1109400392
2023-10-17 7:42:21,"Pfizer May Go Bankrupt, Financial Markets Realise. To avoid paying out amidst a growing number of claims it’s possible that they may try to avoid further action. #Moderna could be next but would those claims extend to #Sunak who invested $500 Billion? #UK https://t.co/mWaIgYW1Z9",Twitter for iPhone,en,no,839,161,1642,56,74659,no,NA,no,,no,no,,no,"Moderna,Sunak,UK",https://www.igor-chudov.com/p/pfizer-may-go-bankrupt-financial,,,-0.2456769075
2023-10-17 10:45:02,Study Reveals 5G Signals Activates Payloads From mRNA Injected Into the Body: https://t.co/vijy8zq8Qz,illuminatibot,en,no,1130,163,2645,60,422101,no,NA,no,,no,no,,no,,https://thepeoplesvoice.tv/study-reveals-5g-signals-activates-payloads-from-mrna-injected-into-the-body/,,,0.0589255651
2023-10-17 21:58:22,"🚨| URGENTE: Pfizer emite un comunicado de prensa afirmando que definitivamente que las vacunas de ARNm contra el COVID “muestran mayores riesgos” de miocarditis + pericarditis. 

Los que denunciamos la plandemia desde hace 3 años teníamos razón. https://t.co/LJV2GJxaox",Twitter for iPhone,es,no,4564,388,8302,283,869587,no,NA,no,,no,no,,no,,,,,0
2023-10-17 22:48:07,"""I want to describe to you the life of a non-vaccinated person in Israel today. Our life has been destroyed, and we woke up to a nightmare in which we have have been kidnapped by our own government, who sold us to be guinea pigs to an experimental vaccine. They want us to give up… https://t.co/Q9OsBahAXc",Twitter Web App,en,no,2416,268,5017,166,499711,no,NA,no,,no,no,,no,,,,,0
2023-10-18 4:57:05,"Ontario man files $35.6 million lawsuit against Pfizer over son’s vaccine death.

Well done @Answers4Sean ❤️ https://t.co/O2LpKuCphs",Twitter for iPhone,en,no,3788,286,15448,118,336715,no,NA,no,,no,no,,no,,https://www.westernstandard.news/news/ontario-man-files-356-million-lawsuit-against-pfizer-over-sons-vaccine-death/49455,Answers4Sean,,-0.3608439182
2023-10-18 8:48:47,Ontario man files $35.6 million lawsuit against Pfizer over son’s vaccine death. This and vases like it are why #Pfizer are looking at bankruptcy to avoid paying out. #mRNA #VaccineInjuries #SuddenDeaths #ExcessDeaths #USA #Ontario https://t.co/BEKRDyhfnc,Twitter for iPhone,en,no,948,124,2069,41,55959,no,NA,no,,no,no,,no,"Pfizer,mRNA,VaccineInjuries,SuddenDeaths,ExcessDeaths,USA,Ontario",https://www.westernstandard.news/news/ontario-man-files-356-million-lawsuit-against-pfizer-over-sons-vaccine-death/49455,,,-0.3608439182
2023-10-18 8:49:06,"Saying “Hamas is using human shields” 

Is literally like saying “The Pfizer vaccine is safe and effective”. 

Fools.",Twitter for iPhone,en,no,1576,1168,6867,64,281310,no,NA,no,,no,no,,no,,,,,0.4971980313
2023-10-19 0:10:45,"The Milgram Experiment

""I was only following orders""

How often do you think people working for corporations like Pfizer use the same rationalization about their products harming or killing people? Brandy Vaughn talked about how guilty she felt about selling Vioxx once she… https://t.co/QUimlWDD3E",Twitter Web App,en,no,564,62,1171,36,71899,no,NA,no,,no,no,,no,,,,,-0.1825741858
2023-10-19 1:31:56,"In 2016 Donald Trump asked Robert Kennedy Jr to serve on a Vaccine Safety Commission…

RFK Jr asked Anthony Fauci which of the 72 vaccines had been subject to a safety test…

Anthony Fauci refused to show evidence, so RFK sued him…

After a year of stonewalling, Fauci finally… https://t.co/iuS9lvw5PH",Twitter for iPhone,en,no,687,26,1221,26,65035,no,NA,no,,no,no,,no,,,,,0.04807619738
2023-10-19 1:40:13,"Bill Gates asked the Danish government to support DTP vaccination of 161 million African children…

Gates claimed it was saving 30 million lives, so the Danish government asked for the data, of which Gates had none…

So they went to Africa and looked at 30 years of DTP data.… https://t.co/ZCzOyj1rOY",Twitter for iPhone,en,no,1094,25,1591,42,55466,no,NA,no,,no,no,,no,,,,,0.04200840252
2023-10-19 10:15:01,ND Senator Who Called For Long Term mRNA Damage Study Killed in 'Freak' Plane Crash: https://t.co/3ivdLGUvY3,illuminatibot,en,no,7006,533,13939,268,840817,no,NA,no,,no,no,,no,,https://thepeoplesvoice.tv/nd-senator-who-called-for-long-term-mrna-damage-study-killed-in-freak-plane-crash/,,,-0.4014775343
2023-10-19 11:05:44,"NEW - Study finds ""presence of billions to hundreds of billions of DNA molecules per dose"" in both Pfizer and Moderna mRNA injections.

https://t.co/lTtpxeHek1 https://t.co/DNMnK1ZVwH",Twitter Web App,en,no,4857,586,10718,635,1666407,no,NA,no,,no,no,,no,,https://osf.io/mjc97/,,,0.2558408596
2023-10-19 14:44:12,"JUST IN: Shocking study reveals DNA fragments DETECTED in monovalent and bivalent Pfizer/BioNTech and Moderna modRNA COV-D-19 vaccines from Ontario, Canada.

Study finds ""Presence of billions to hundreds of billions of DNA molecules per dose.""

Evaluation of the DNA content in… https://t.co/b4m0v1fGx7",Twitter Web App,en,no,994,77,1336,40,89609,no,NA,no,,no,no,,no,,,,,-0.104257207
2023-10-19 18:03:15,"The same people who were sounding the alarm during COVID and trying to get everyone to not comply with the vaccine, masks, and the entirety of the psyop, are now the ones telling you not to fall for the war propaganda and trust any of the governments involved. 

Are you going to… https://t.co/WdRp3BMnDP",Twitter Web App,en,no,1061,181,2195,107,297380,no,NA,no,,no,no,,no,,,,,0.2525907428
2023-10-19 19:48:49,"BREAKING REPORT: Pfizer accused of NOT DISCLOSING the presence of the Simian Virus 40 [SV40] DNA sequence in its mRNA COV-D-19 vaccine.

The complete SV40 virus was ELIMINATED from Polio vaccines during the 1950s and 1960s because of concerns about its association with CANCER.… https://t.co/czQ6P5rzqh",Twitter Web App,en,no,9924,621,16308,385,1124170,no,NA,no,,no,no,,no,,,,,0
2023-10-19 22:15:02,Video Shows Mark Zuckerberg Admitting mRNA Jabs Are Deadly While Censoring This Fact on Facebook: https://t.co/30WuqWaJA6,illuminatibot,en,no,1768,162,3346,66,253285,no,NA,no,,no,no,,no,,https://thepeoplesvoice.tv/video-shows-mark-zuckerberg-admitting-mrna-jabs-are-deadly-while-censoring-this-fact-on-facebook/,,,-0.3097112407
2023-10-19 23:15:01,Top Doctor Warns 'Turbo Cancers' Caused by mRNA Are Set To Kill Billions: https://t.co/zIgxOW0HMv,illuminatibot,en,no,4270,572,9562,179,1011604,no,NA,no,,no,no,,no,,https://thepeoplesvoice.tv/top-doctor-warns-turbo-cancers-caused-by-mrna-are-set-to-kill-billions/,,,0
2023-10-20 3:13:10,"""Health Canada has confirmed the presence of a Simian Virus 40 (SV40) DNA sequence in the Pfizer COVID-19 vaccine, which the manufacturer had not previously disclosed""

""The polyomavirus Simian Virus 40, an oncogenic DNA virus, was previously removed from polio vaccines due to… https://t.co/29TuYFfseg",Twitter Web App,en,no,3680,364,6073,307,875353,no,NA,no,,no,no,,no,,,,,-0.0894427191
2023-10-20 10:51:51,How is this interview not on every news outlet? Myocarditis from the vaccine is real… 👇🏼https://t.co/SBMsnMrnuL,Twitter for iPhone,en,no,3167,248,5786,107,172531,no,NA,no,,no,no,,no,,,,,0
2023-10-20 19:16:49,Benjamin Netanyahu Proudly Explains How He Used His Own People As Lab Rats For Pfizer.🇮🇱 https://t.co/mvDBjE0Bh4,Twitter for iPhone,en,no,1048,275,2271,66,122852,no,NA,no,,no,no,,no,,,,,0.1788854382
2023-10-20 19:51:05,"The Pfizer “vaccine” never got to India for 2 reasons:

1) The Indian government insisted on a local trial which Pfizer flatly refused.

2) Pfizer insisted on legal immunity which the Indian government flatly refused. 

Well done, India.🇮🇳 https://t.co/0UxnlcrKOJ",Twitter for iPhone,en,no,2844,190,7084,125,642969,no,NA,no,,no,no,,no,,,,,-0.2727723628